,resource_type,id,name,company,website,location,public_access,logo_url,description,text,attr:Ex_Num,attr:ex_name,full_name,owner_id,owner_type,source_type,default_locale,supported_locales,custom_validation_schema,external_id,canonical_url,hierarchy_meaning,hierarchy_root_url,internal_reference_id,meta,collection_reference,publisher,purpose,copyright,revision_date,experimental,jurisdiction,content_type,case_sensitive,compositional,version_needed,external_id,retired,datatype,concept_class,source,description[1],description[2],name[1],name_type[1],parent_concept_urls[0],map_type[0],map_from_concept_id[0],map_to_concept_id[0],map_type,to_concept_url,from_concept_url,attr:categoria,collection_type,immutable,jurisdiction[1],jurisdiction[2],collection_url,data:expressions,name_type,name_locale
0,Concept,abelha,Abelha,,,por,,,,,,,,MS,Organization,,por,,,,,,,,,,,,,,,,,TRUE,,,,,text, Misc,BRAlergenosCBARA,Veneno de abelha,Apsinina,,,,,,,,,,environment,,,,,,,Fully Specified,por
0,Concept,acaro,Ácaros,,,por,,,,,,,,MS,Organization,,por,,,,,,,,,,,,,,,,,TRUE,,,,,text, Misc,BRAlergenosCBARA,Pó doméstico,,,,,,,,,,,environment,,,,,,,Fully Specified,por
0,Concept,acido-azelaico,Ácido azelaico,,,por,,,,,,,,MS,Organization,,por,,,,,,,,,,,,,,,,,TRUE,,,,,text, Misc,BRAlergenosCBARA,Ácido azelaico,,,,,,,,,,,environment,,,,,,,Fully Specified,por
0,Concept,adesivo,Adesivos,,,por,,,,,,,,MS,Organization,,por,,,,,,,,,,,,,,,,,TRUE,,,,,text, Misc,BRAlergenosCBARA,Emplastro,Cola,,,,,,,,,,environment,,,,,,,Fully Specified,por
0,Concept,aditivo-alimentar,Aditivos alimentares,,,por,,,,,,,,MS,Organization,,por,,,,,,,,,,,,,,,,,TRUE,,,,,text, Misc,BRAlergenosCBARA,Aditivos alimentares,,,,,,,,,,,food,,,,,,,Fully Specified,por
0,Concept,agente-fisico,Agentes físicos,,,por,,,,,,,,MS,Organization,,por,,,,,,,,,,,,,,,,,TRUE,,,,,text, Misc,BRAlergenosCBARA,Agentes físicos,,,,,,,,,,,environment,,,,,,,Fully Specified,por
0,Concept,aipo,Aipo,,,por,,,,,,,,MS,Organization,,por,,,,,,,,,,,,,,,,,TRUE,,,,,text, Misc,BRAlergenosCBARA,Aipo,,,,,,,,,,,food,,,,,,,Fully Specified,por
0,Concept,alcool-polivinilico,Álcool polivinílico,,,por,,,,,,,,MS,Organization,,por,,,,,,,,,,,,,,,,,TRUE,,,,,text, Misc,BRAlergenosCBARA,PVA,,,,,,,,,,,environment,,,,,,,Fully Specified,por
0,Concept,alho,Alho,,,por,,,,,,,,MS,Organization,,por,,,,,,,,,,,,,,,,,TRUE,,,,,text, Misc,BRAlergenosCBARA,Alho,,,,,,,,,,,food,,,,,,,Fully Specified,por
0,Concept,aluminio,Alumínio,,,por,,,,,,,,MS,Organization,,por,,,,,,,,,,,,,,,,,TRUE,,,,,text, Misc,BRAlergenosCBARA,Alumínio,,,,,,,,,,,environment,,,,,,,Fully Specified,por
0,Concept,ambrosia,Ambrósia,,,por,,,,,,,,MS,Organization,,por,,,,,,,,,,,,,,,,,TRUE,,,,,text, Misc,BRAlergenosCBARA,Pólen de ambrósia,,,,,,,,,,,environment,,,,,,,Fully Specified,por
0,Concept,amendoim,Amendoim,,,por,,,,,,,,MS,Organization,,por,,,,,,,,,,,,,,,,,TRUE,,,,,text, Misc,BRAlergenosCBARA,Amendoins,,,,,,,,,,,food,,,,,,,Fully Specified,por
0,Concept,antralina,Antralina,,,por,,,,,,,,MS,Organization,,por,,,,,,,,,,,,,,,,,TRUE,,,,,text, Misc,BRAlergenosCBARA,Antralina,,,,,,,,,,,environment,,,,,,,Fully Specified,por
0,Concept,aranha,Aranha,,,por,,,,,,,,MS,Organization,,por,,,,,,,,,,,,,,,,,TRUE,,,,,text, Misc,BRAlergenosCBARA,Veneno de aranha,,,,,,,,,,,environment,,,,,,,Fully Specified,por
0,Concept,areia,Areia,,,por,,,,,,,,MS,Organization,,por,,,,,,,,,,,,,,,,,TRUE,,,,,text, Misc,BRAlergenosCBARA,Areia,,,,,,,,,,,environment,,,,,,,Fully Specified,por
0,Concept,arroz,Arroz,,,por,,,,,,,,MS,Organization,,por,,,,,,,,,,,,,,,,,TRUE,,,,,text, Misc,BRAlergenosCBARA,Arroz,,,,,,,,,,,food,,,,,,,Fully Specified,por
0,Concept,arvore,Árvores,,,por,,,,,,,,MS,Organization,,por,,,,,,,,,,,,,,,,,TRUE,,,,,text, Misc,BRAlergenosCBARA,Pólen de árvores,Pólen de árvores e arbustos,,,,,,,,,,environment,,,,,,,Fully Specified,por
0,Concept,aspartame,Aspartame,,,por,,,,,,,,MS,Organization,,por,,,,,,,,,,,,,,,,,TRUE,,,,,text, Misc,BRAlergenosCBARA,Aspartamo,,,,,,,,,,,food,,,,,,,Fully Specified,por
0,Concept,atum,Atum,,,por,,,,,,,,MS,Organization,,por,,,,,,,,,,,,,,,,,TRUE,,,,,text, Misc,BRAlergenosCBARA,Atum,,,,,,,,,,,food,,,,,,,Fully Specified,por
0,Concept,aveia,Aveia,,,por,,,,,,,,MS,Organization,,por,,,,,,,,,,,,,,,,,TRUE,,,,,text, Misc,BRAlergenosCBARA,Aveia,,,,,,,,,,,food,,,,,,,Fully Specified,por
0,Concept,avela,Avelã,,,por,,,,,,,,MS,Organization,,por,,,,,,,,,,,,,,,,,TRUE,,,,,text, Misc,BRAlergenosCBARA,Avelã,,,,,,,,,,,food,,,,,,,Fully Specified,por
0,Concept,bacalhau,Bacalhau,,,por,,,,,,,,MS,Organization,,por,,,,,,,,,,,,,,,,,TRUE,,,,,text, Misc,BRAlergenosCBARA,Bacalhau,,,,,,,,,,,food,,,,,,,Fully Specified,por
0,Concept,banana,Banana,,,por,,,,,,,,MS,Organization,,por,,,,,,,,,,,,,,,,,TRUE,,,,,text, Misc,BRAlergenosCBARA,Banana,,,,,,,,,,,food,,,,,,,Fully Specified,por
0,Concept,barata,Barata,,,por,,,,,,,,MS,Organization,,por,,,,,,,,,,,,,,,,,TRUE,,,,,text, Misc,BRAlergenosCBARA,Barata,,,,,,,,,,,environment,,,,,,,Fully Specified,por
0,Concept,batata,Batata,,,por,,,,,,,,MS,Organization,,por,,,,,,,,,,,,,,,,,TRUE,,,,,text, Misc,BRAlergenosCBARA,Batatas,,,,,,,,,,,food,,,,,,,Fully Specified,por
0,Concept,baunilha,Baunilha,,,por,,,,,,,,MS,Organization,,por,,,,,,,,,,,,,,,,,TRUE,,,,,text, Misc,BRAlergenosCBARA,Baunilha,,,,,,,,,,,food,,,,,,,Fully Specified,por
0,Concept,borracha,Borracha,,,por,,,,,,,,MS,Organization,,por,,,,,,,,,,,,,,,,,TRUE,,,,,text, Misc,BRAlergenosCBARA,Borracha,,,,,,,,,,,environment,,,,,,,Fully Specified,por
0,Concept,camarao,Camarão,,,por,,,,,,,,MS,Organization,,por,,,,,,,,,,,,,,,,,TRUE,,,,,text, Misc,BRAlergenosCBARA,Derivados do camarão,,,,,,,,,,,food,,,,,,,Fully Specified,por
0,Concept,canela,Canela,,,por,,,,,,,,MS,Organization,,por,,,,,,,,,,,,,,,,,TRUE,,,,,text, Misc,BRAlergenosCBARA,Canela,,,,,,,,,,,food,,,,,,,Fully Specified,por
0,Concept,caracol,Caracol,,,por,,,,,,,,MS,Organization,,por,,,,,,,,,,,,,,,,,TRUE,,,,,text, Misc,BRAlergenosCBARA,Caramujo,Escargot,,,,,,,,,,food,,,,,,,Fully Specified,por
0,Concept,caranguejo,Caranguejo,,,por,,,,,,,,MS,Organization,,por,,,,,,,,,,,,,,,,,TRUE,,,,,text, Misc,BRAlergenosCBARA,Caranguejo,,,,,,,,,,,food,,,,,,,Fully Specified,por
0,Concept,carbaril,Carbaril,,,por,,,,,,,,MS,Organization,,por,,,,,,,,,,,,,,,,,TRUE,,,,,text, Misc,BRAlergenosCBARA,Éster de ácido methilcarbamic 1-naphthil,,,,,,,,,,,environment,,,,,,,Fully Specified,por
0,Concept,carne,Carne,,,por,,,,,,,,MS,Organization,,por,,,,,,,,,,,,,,,,,TRUE,,,,,text, Misc,BRAlergenosCBARA,Carnes,,,,,,,,,,,food,,,,,,,Fully Specified,por
0,Concept,carne-ave,Carne de aves,,,por,,,,,,,,MS,Organization,,por,,,,,,,,,,,,,,,,,TRUE,,,,,text, Misc,BRAlergenosCBARA,Carne de aves,,,,,,,,,,,food,,,,,,,Fully Specified,por
0,Concept,carne-vermelha,Carne vermelha,,,por,,,,,,,,MS,Organization,,por,,,,,,,,,,,,,,,,,TRUE,,,,,text, Misc,BRAlergenosCBARA,,,,,,,,,,,,food,,,,,,,Fully Specified,por
0,Concept,castanha,Castanhas,,,por,,,,,,,,MS,Organization,,por,,,,,,,,,,,,,,,,,TRUE,,,,,text, Misc,BRAlergenosCBARA,Frutos de casca dura,,,,,,,,,,,food,,,,,,,Fully Specified,por
0,Concept,castanha-caju,Castanha de caju,,,por,,,,,,,,MS,Organization,,por,,,,,,,,,,,,,,,,,TRUE,,,,,text, Misc,BRAlergenosCBARA,Caju,,,,,,,,,,,food,,,,,,,Fully Specified,por
0,Concept,cebola,Cebola,,,por,,,,,,,,MS,Organization,,por,,,,,,,,,,,,,,,,,TRUE,,,,,text, Misc,BRAlergenosCBARA,Cebola,,,,,,,,,,,food,,,,,,,Fully Specified,por
0,Concept,cenoura,Cenoura,,,por,,,,,,,,MS,Organization,,por,,,,,,,,,,,,,,,,,TRUE,,,,,text, Misc,BRAlergenosCBARA,Cenoura,,,,,,,,,,,food,,,,,,,Fully Specified,por
0,Concept,centeio,Centeio,,,por,,,,,,,,MS,Organization,,por,,,,,,,,,,,,,,,,,TRUE,,,,,text, Misc,BRAlergenosCBARA,Centeio,,,,,,,,,,,food,,,,,,,Fully Specified,por
0,Concept,cereal,Cereal,,,por,,,,,,,,MS,Organization,,por,,,,,,,,,,,,,,,,,TRUE,,,,,text, Misc,BRAlergenosCBARA,Flocos de cereais,,,,,,,,,,,food,,,,,,,Fully Specified,por
0,Concept,cereja,Cereja,,,por,,,,,,,,MS,Organization,,por,,,,,,,,,,,,,,,,,TRUE,,,,,text, Misc,BRAlergenosCBARA,Cerejas,,,,,,,,,,,food,,,,,,,Fully Specified,por
0,Concept,chocolate,Chocolate,,,por,,,,,,,,MS,Organization,,por,,,,,,,,,,,,,,,,,TRUE,,,,,text, Misc,BRAlergenosCBARA,Chocolate,,,,,,,,,,,food,,,,,,,Fully Specified,por
0,Concept,citrato,Citrato,,,por,,,,,,,,MS,Organization,,por,,,,,,,,,,,,,,,,,TRUE,,,,,text, Misc,BRAlergenosCBARA,Ácido cítrico e derivados,,,,,,,,,,,environment,,,,,,,Fully Specified,por
0,Concept,clara-ovo,Clara do ovo,,,por,,,,,,,,MS,Organization,,por,,,,,,,,,,,,,,,,,TRUE,,,,,text, Misc,BRAlergenosCBARA,Ovomucina,,,,,,,,,,,food,,,,,,,Fully Specified,por
0,Concept,cloreto-metilbenzetonio,Cloreto de Metilbenzetônio,,,por,,,,,,,,MS,Organization,,por,,,,,,,,,,,,,,,,,TRUE,,,,,text, Misc,BRAlergenosCBARA,Cloreto de Metilbenzetônio,,,,,,,,,,,environment,,,,,,,Fully Specified,por
0,Concept,cobre,Cobre,,,por,,,,,,,,MS,Organization,,por,,,,,,,,,,,,,,,,,TRUE,,,,,text, Misc,BRAlergenosCBARA,Cobre,,,,,,,,,,,environment,,,,,,,Fully Specified,por
0,Concept,coco,Coco,,,por,,,,,,,,MS,Organization,,por,,,,,,,,,,,,,,,,,TRUE,,,,,text, Misc,BRAlergenosCBARA,Coco,,,,,,,,,,,food,,,,,,,Fully Specified,por
0,Concept,coelho,Coelho,,,por,,,,,,,,MS,Organization,,por,,,,,,,,,,,,,,,,,TRUE,,,,,text, Misc,BRAlergenosCBARA,Carne de Coelho,,,,,,,,,,,food,,,,,,,Fully Specified,por
0,Concept,cogumelo,Cogumelos,,,por,,,,,,,,MS,Organization,,por,,,,,,,,,,,,,,,,,TRUE,,,,,text, Misc,BRAlergenosCBARA,Cogumelos,,,,,,,,,,,food,,,,,,,Fully Specified,por
0,Concept,cola,Cola,,,por,,,,,,,,MS,Organization,,por,,,,,,,,,,,,,,,,,TRUE,,,,,text, Misc,BRAlergenosCBARA,Cola,,,,,,,,,,,environment,,,,,,,Fully Specified,por
0,Concept,contato-metal,Contato com Metal,,,por,,,,,,,,MS,Organization,,por,,,,,,,,,,,,,,,,,TRUE,,,,,text, Misc,BRAlergenosCBARA,,,,,,,,,,,,environment,,,,,,,Fully Specified,por
0,Concept,cosmetico,Cosméticos,,,por,,,,,,,,MS,Organization,,por,,,,,,,,,,,,,,,,,TRUE,,,,,text, Misc,BRAlergenosCBARA,Cosméticos,,,,,,,,,,,environment,,,,,,,Fully Specified,por
0,Concept,cravo-india,Cravo-da- Índia,,,por,,,,,,,,MS,Organization,,por,,,,,,,,,,,,,,,,,TRUE,,,,,text, Misc,BRAlergenosCBARA,Cravo-da- Índia,,,,,,,,,,,food,,,,,,,Fully Specified,por
0,Concept,crustaceo,Crustáceos,,,por,,,,,,,,MS,Organization,,por,,,,,,,,,,,,,,,,,TRUE,,,,,text, Misc,BRAlergenosCBARA,Crustáceos,,,,,,,,,,,food,,,,,,,Fully Specified,por
0,Concept,curry,Curry,,,por,,,,,,,,MS,Organization,,por,,,,,,,,,,,,,,,,,TRUE,,,,,text, Misc,BRAlergenosCBARA,,,,,,,,,,,,food,,,,,,,Fully Specified,por
0,Concept,enxofre,Enxofre,,,por,,,,,,,,MS,Organization,,por,,,,,,,,,,,,,,,,,TRUE,,,,,text, Misc,BRAlergenosCBARA,Enxofre,,,,,,,,,,,environment,,,,,,,Fully Specified,por
0,Concept,erva-aromatica-especiaria,Ervas aromáticas e especiarias,,,por,,,,,,,,MS,Organization,,por,,,,,,,,,,,,,,,,,TRUE,,,,,text, Misc,BRAlergenosCBARA,Ervas aromáticas e especiarias,,,,,,,,,,,food,,,,,,,Fully Specified,por
0,Concept,erva-daninha,Ervas daninhas,,,por,,,,,,,,MS,Organization,,por,,,,,,,,,,,,,,,,,TRUE,,,,,text, Misc,BRAlergenosCBARA,Pólen de ervas daninhas,,,,,,,,,,,environment,,,,,,,Fully Specified,por
0,Concept,etanolamina,Etanolamina,,,por,,,,,,,,MS,Organization,,por,,,,,,,,,,,,,,,,,TRUE,,,,,text, Misc,BRAlergenosCBARA,Etanolamina,,,,,,,,,,,environment,,,,,,,Fully Specified,por
0,Concept,farinha,Farinha,,,por,,,,,,,,MS,Organization,,por,,,,,,,,,,,,,,,,,TRUE,,,,,text, Misc,BRAlergenosCBARA,Farinha,,,,,,,,,,,food,,,,,,,Fully Specified,por
0,Concept,feijao,Feijão,,,por,,,,,,,,MS,Organization,,por,,,,,,,,,,,,,,,,,TRUE,,,,,text, Misc,BRAlergenosCBARA,Feijões,,,,,,,,,,,food,,,,,,,Fully Specified,por
0,Concept,ferro,Ferro,,,por,,,,,,,,MS,Organization,,por,,,,,,,,,,,,,,,,,TRUE,,,,,text, Misc,BRAlergenosCBARA,Ferro e seus derivados,,,,,,,,,,,environment,,,,,,,Fully Specified,por
0,Concept,figo,Figos,,,por,,,,,,,,MS,Organization,,por,,,,,,,,,,,,,,,,,TRUE,,,,,text, Misc,BRAlergenosCBARA,Figos,,,,,,,,,,,food,,,,,,,Fully Specified,por
0,Concept,framboesa,Framboesa,,,por,,,,,,,,MS,Organization,,por,,,,,,,,,,,,,,,,,TRUE,,,,,text, Misc,BRAlergenosCBARA,Framboesa,,,,,,,,,,,food,,,,,,,Fully Specified,por
0,Concept,fruta-citrica,Frutas cítricas,,,por,,,,,,,,MS,Organization,,por,,,,,,,,,,,,,,,,,TRUE,,,,,text, Misc,BRAlergenosCBARA,,,,,,,,,,,,food,,,,,,,Fully Specified,por
0,Concept,gengibre,Gengibre,,,por,,,,,,,,MS,Organization,,por,,,,,,,,,,,,,,,,,TRUE,,,,,text, Misc,BRAlergenosCBARA,Gengibre,,,,,,,,,,,food,,,,,,,Fully Specified,por
0,Concept,glutamato,Glutamato,,,por,,,,,,,,MS,Organization,,por,,,,,,,,,,,,,,,,,TRUE,,,,,text, Misc,BRAlergenosCBARA,Monoglutamato de Sódio,,,,,,,,,,,food,,,,,,,Fully Specified,por
0,Concept,grama,Grama,,,por,,,,,,,,MS,Organization,,por,,,,,,,,,,,,,,,,,TRUE,,,,,text, Misc,BRAlergenosCBARA,Capim,Gramíneas,,,,,,,,,,environment,,,,,,,Fully Specified,por
0,Concept,grao,Grão,,,por,,,,,,,,MS,Organization,,por,,,,,,,,,,,,,,,,,TRUE,,,,,text, Misc,BRAlergenosCBARA,Grão,,,,,,,,,,,food,,,,,,,Fully Specified,por
0,Concept,grao-soja,Grãos de soja,,,por,,,,,,,,MS,Organization,,por,,,,,,,,,,,,,,,,,TRUE,,,,,text, Misc,BRAlergenosCBARA,Soja,,,,,,,,,,,food,,,,,,,Fully Specified,por
0,Concept,kiwi,Kiwi,,,por,,,,,,,,MS,Organization,,por,,,,,,,,,,,,,,,,,TRUE,,,,,text, Misc,BRAlergenosCBARA,Kiwi,,,,,,,,,,,food,,,,,,,Fully Specified,por
0,Concept,la,Lã,,,por,,,,,,,,MS,Organization,,por,,,,,,,,,,,,,,,,,TRUE,,,,,text, Misc,BRAlergenosCBARA,Lã,,,,,,,,,,,environment,,,,,,,Fully Specified,por
0,Concept,lagosta,Lagosta,,,por,,,,,,,,MS,Organization,,por,,,,,,,,,,,,,,,,,TRUE,,,,,text, Misc,BRAlergenosCBARA,Lagosta,,,,,,,,,,,food,,,,,,,Fully Specified,por
0,Concept,lambreta,Lambreta,,,por,,,,,,,,MS,Organization,,por,,,,,,,,,,,,,,,,,TRUE,,,,,text, Misc,BRAlergenosCBARA,Vôngole,,,,,,,,,,,food,,,,,,,Fully Specified,por
0,Concept,lanolina,Lanolina,,,por,,,,,,,,MS,Organization,,por,,,,,,,,,,,,,,,,,TRUE,,,,,text, Misc,BRAlergenosCBARA,Lanolina,,,,,,,,,,,environment,,,,,,,Fully Specified,por
0,Concept,laranja,Laranja,,,por,,,,,,,,MS,Organization,,por,,,,,,,,,,,,,,,,,TRUE,,,,,text, Misc,BRAlergenosCBARA,Laranja,,,,,,,,,,,food,,,,,,,Fully Specified,por
0,Concept,latao,Latão,,,por,,,,,,,,MS,Organization,,por,,,,,,,,,,,,,,,,,TRUE,,,,,text, Misc,BRAlergenosCBARA,Latão,,,,,,,,,,,environment,,,,,,,Fully Specified,por
0,Concept,latex,Látex,,,por,,,,,,,,MS,Organization,,por,,,,,,,,,,,,,,,,,TRUE,,,,,text, Misc,BRAlergenosCBARA,,,,,,,,,,,,environment,,,,,,,Fully Specified,por
0,Concept,laticinio,Laticínios,,,por,,,,,,,,MS,Organization,,por,,,,,,,,,,,,,,,,,TRUE,,,,,text, Misc,BRAlergenosCBARA,Leite e seus derivados,,,,,,,,,,,food,,,,,,,Fully Specified,por
0,Concept,leguminosa,Leguminosas,,,por,,,,,,,,MS,Organization,,por,,,,,,,,,,,,,,,,,TRUE,,,,,text, Misc,BRAlergenosCBARA,Legumes,"Ervilhas, lentilhas e feijão",,,,,,,,,,food,,,,,,,Fully Specified,por
0,Concept,lima,Lima,,,por,,,,,,,,MS,Organization,,por,,,,,,,,,,,,,,,,,TRUE,,,,,text, Misc,BRAlergenosCBARA,Lima,,,,,,,,,,,food,,,,,,,Fully Specified,por
0,Concept,limao,Limão,,,por,,,,,,,,MS,Organization,,por,,,,,,,,,,,,,,,,,TRUE,,,,,text, Misc,BRAlergenosCBARA,Limão,,,,,,,,,,,food,,,,,,,Fully Specified,por
0,Concept,lula,Lula,,,por,,,,,,,,MS,Organization,,por,,,,,,,,,,,,,,,,,TRUE,,,,,text, Misc,BRAlergenosCBARA,Lula,,,,,,,,,,,food,,,,,,,Fully Specified,por
0,Concept,maca,Maçã,,,por,,,,,,,,MS,Organization,,por,,,,,,,,,,,,,,,,,TRUE,,,,,text, Misc,BRAlergenosCBARA,Maçã,,,,,,,,,,,food,,,,,,,Fully Specified,por
0,Concept,madeira,Madeira,,,por,,,,,,,,MS,Organization,,por,,,,,,,,,,,,,,,,,TRUE,,,,,text, Misc,BRAlergenosCBARA,Madeira,,,,,,,,,,,environment,,,,,,,Fully Specified,por
0,Concept,manga,Manga,,,por,,,,,,,,MS,Organization,,por,,,,,,,,,,,,,,,,,TRUE,,,,,text, Misc,BRAlergenosCBARA,Manga,,,,,,,,,,,food,,,,,,,Fully Specified,por
0,Concept,manteiga-cacau,Manteiga de cacau,,,por,,,,,,,,MS,Organization,,por,,,,,,,,,,,,,,,,,TRUE,,,,,text, Misc,BRAlergenosCBARA,Manteiga de cacau,,,,,,,,,,,food,,,,,,,Fully Specified,por
0,Concept,marisco,Marisco,,,por,,,,,,,,MS,Organization,,por,,,,,,,,,,,,,,,,,TRUE,,,,,text, Misc,BRAlergenosCBARA,Moluscos,,,,,,,,,,,food,,,,,,,Fully Specified,por
0,Concept,material-dentario-policarboneto,Material dentário em policarboneto,,,por,,,,,,,,MS,Organization,,por,,,,,,,,,,,,,,,,,TRUE,,,,,text, Misc,BRAlergenosCBARA,Material dentário em policarboneto,,,,,,,,,,,environment,,,,,,,Fully Specified,por
0,Concept,material-sutura,Material de sutura,,,por,,,,,,,,MS,Organization,,por,,,,,,,,,,,,,,,,,TRUE,,,,,text, Misc,BRAlergenosCBARA,Material de sutura,,,,,,,,,,,environment,,,,,,,Fully Specified,por
0,Concept,melancia,Melancia,,,por,,,,,,,,MS,Organization,,por,,,,,,,,,,,,,,,,,TRUE,,,,,text, Misc,BRAlergenosCBARA,Melancia,,,,,,,,,,,food,,,,,,,Fully Specified,por
0,Concept,melao,Melão,,,por,,,,,,,,MS,Organization,,por,,,,,,,,,,,,,,,,,TRUE,,,,,text, Misc,BRAlergenosCBARA,Melão,,,,,,,,,,,food,,,,,,,Fully Specified,por
0,Concept,mexilhao,Mexilhão,,,por,,,,,,,,MS,Organization,,por,,,,,,,,,,,,,,,,,TRUE,,,,,text, Misc,BRAlergenosCBARA,Mexilhão,,,,,,,,,,,food,,,,,,,Fully Specified,por
0,Concept,milho,Milho,,,por,,,,,,,,MS,Organization,,por,,,,,,,,,,,,,,,,,TRUE,,,,,text, Misc,BRAlergenosCBARA,,,,,,,,,,,,food,,,,,,,Fully Specified,por
0,Concept,mirtilo,Mirtilos,,,por,,,,,,,,MS,Organization,,por,,,,,,,,,,,,,,,,,TRUE,,,,,text, Misc,BRAlergenosCBARA,Blueberries,,,,,,,,,,,food,,,,,,,Fully Specified,por
0,Concept,morango,Morango,,,por,,,,,,,,MS,Organization,,por,,,,,,,,,,,,,,,,,TRUE,,,,,text, Misc,BRAlergenosCBARA,Morangos,,,,,,,,,,,food,,,,,,,Fully Specified,por
0,Concept,mostarda,Mostarda,,,por,,,,,,,,MS,Organization,,por,,,,,,,,,,,,,,,,,TRUE,,,,,text, Misc,BRAlergenosCBARA,Mostarda,,,,,,,,,,,food,,,,,,,Fully Specified,por
0,Concept,niquel,Níquel,,,por,,,,,,,,MS,Organization,,por,,,,,,,,,,,,,,,,,TRUE,,,,,text, Misc,BRAlergenosCBARA,Níquel,,,,,,,,,,,environment,,,,,,,Fully Specified,por
0,Concept,noz,Nozes,,,por,,,,,,,,MS,Organization,,por,,,,,,,,,,,,,,,,,TRUE,,,,,text, Misc,BRAlergenosCBARA,Noz,,,,,,,,,,,food,,,,,,,Fully Specified,por
0,Concept,noz-moscada,Noz moscada,,,por,,,,,,,,MS,Organization,,por,,,,,,,,,,,,,,,,,TRUE,,,,,text, Misc,BRAlergenosCBARA,Noz moscada,,,,,,,,,,,food,,,,,,,Fully Specified,por
0,Concept,oleo-eucalipto,Óleo de eucalipto,,,por,,,,,,,,MS,Organization,,por,,,,,,,,,,,,,,,,,TRUE,,,,,text, Misc,BRAlergenosCBARA,Óleo de eucalipto,,,,,,,,,,,environment,,,,,,,Fully Specified,por
0,Concept,oleo-peixe,Óleo de Peixe,,,por,,,,,,,,MS,Organization,,por,,,,,,,,,,,,,,,,,TRUE,,,,,text, Misc,BRAlergenosCBARA,Óleo de Peixe,,,,,,,,,,,food,,,,,,,Fully Specified,por
0,Concept,organofosfato,Organofosfatos,,,por,,,,,,,,MS,Organization,,por,,,,,,,,,,,,,,,,,TRUE,,,,,text, Misc,BRAlergenosCBARA,Pesticidas organofosfatos,,,,,,,,,,,environment,,,,,,,Fully Specified,por
0,Concept,ostra,Ostra,,,por,,,,,,,,MS,Organization,,por,,,,,,,,,,,,,,,,,TRUE,,,,,text, Misc,BRAlergenosCBARA,Ostras,,,,,,,,,,,food,,,,,,,Fully Specified,por
0,Concept,ouro,Ouro,,,por,,,,,,,,MS,Organization,,por,,,,,,,,,,,,,,,,,TRUE,,,,,text, Misc,BRAlergenosCBARA,Ouro,,,,,,,,,,,environment,,,,,,,Fully Specified,por
0,Concept,outro-agente-substancia,Outros agentes ou substâncias,,,por,,,,,,,,MS,Organization,,por,,,,,,,,,,,,,,,,,TRUE,,,,,text, Misc,BRAlergenosCBARA,Outros agentes ou substâncias,,,,,,,,,,,environment,,,,,,,Fully Specified,por
0,Concept,outro-alimento,Outro alimento,,,por,,,,,,,,MS,Organization,,por,,,,,,,,,,,,,,,,,TRUE,,,,,text, Misc,BRAlergenosCBARA,Outro alérgeno alimentar,,,,,,,,,,,food,,,,,,,Fully Specified,por
0,Concept,paprica,Páprica,,,por,,,,,,,,MS,Organization,,por,,,,,,,,,,,,,,,,,TRUE,,,,,text, Misc,BRAlergenosCBARA,,,,,,,,,,,,food,,,,,,,Fully Specified,por
0,Concept,parafina,Parafina,,,por,,,,,,,,MS,Organization,,por,,,,,,,,,,,,,,,,,TRUE,,,,,text, Misc,BRAlergenosCBARA,Parafina,,,,,,,,,,,environment,,,,,,,Fully Specified,por
0,Concept,peixe,Peixe,,,por,,,,,,,,MS,Organization,,por,,,,,,,,,,,,,,,,,TRUE,,,,,text, Misc,BRAlergenosCBARA,Peixe,,,,,,,,,,,food,,,,,,,Fully Specified,por
0,Concept,peixe-aranha,Peixe-Aranha,,,por,,,,,,,,MS,Organization,,por,,,,,,,,,,,,,,,,,TRUE,,,,,text, Misc,BRAlergenosCBARA,Peixe-Aranha,,,,,,,,,,,environment,,,,,,,Fully Specified,por
0,Concept,pelo-animal,Pelo de animais,,,por,,,,,,,,MS,Organization,,por,,,,,,,,,,,,,,,,,TRUE,,,,,text, Misc,BRAlergenosCBARA,Epitélio de animais,,,,,,,,,,,environment,,,,,,,Fully Specified,por
0,Concept,pelo-cao,Pelo de cão,,,por,,,,,,,,MS,Organization,,por,,,,,,,,,,,,,,,,,TRUE,,,,,text, Misc,BRAlergenosCBARA,Epitélio do cão,Pelo de Cachorro,,,,,,,,,,environment,,,,,,,Fully Specified,por
0,Concept,pelo-cavalo,Pelo de cavalo,,,por,,,,,,,,MS,Organization,,por,,,,,,,,,,,,,,,,,TRUE,,,,,text, Misc,BRAlergenosCBARA,Epitélio de Cavalo,,,,,,,,,,,environment,,,,,,,Fully Specified,por
0,Concept,pelo-coelho,Pelo de coelho,,,por,,,,,,,,MS,Organization,,por,,,,,,,,,,,,,,,,,TRUE,,,,,text, Misc,BRAlergenosCBARA,Epitélio de coelho,,,,,,,,,,,environment,,,,,,,Fully Specified,por
0,Concept,pelo-gato,Pelo de gato,,,por,,,,,,,,MS,Organization,,por,,,,,,,,,,,,,,,,,TRUE,,,,,text, Misc,BRAlergenosCBARA,,,,,,,,,,,,environment,,,,,,,Fully Specified,por
0,Concept,pelo-vaca,Pelo de vaca,,,por,,,,,,,,MS,Organization,,por,,,,,,,,,,,,,,,,,TRUE,,,,,text, Misc,BRAlergenosCBARA,Gado (epitélio),,,,,,,,,,,environment,,,,,,,Fully Specified,por
0,Concept,pena,Penas,,,por,,,,,,,,MS,Organization,,por,,,,,,,,,,,,,,,,,TRUE,,,,,text, Misc,BRAlergenosCBARA,Plumas,Penugem,,,,,,,,,,environment,,,,,,,Fully Specified,por
0,Concept,perfluorinato,Perfluorinato,,,por,,,,,,,,MS,Organization,,por,,,,,,,,,,,,,,,,,TRUE,,,,,text, Misc,BRAlergenosCBARA,Perfluorinato,,,,,,,,,,,environment,,,,,,,Fully Specified,por
0,Concept,perfume,Perfume,,,por,,,,,,,,MS,Organization,,por,,,,,,,,,,,,,,,,,TRUE,,,,,text, Misc,BRAlergenosCBARA,Perfumaria,,,,,,,,,,,environment,,,,,,,Fully Specified,por
0,Concept,peroxido-benzoila,Peróxido de Benzoíla,,,por,,,,,,,,MS,Organization,,por,,,,,,,,,,,,,,,,,TRUE,,,,,text, Misc,BRAlergenosCBARA,Peróxido de benzoílo,,,,,,,,,,,environment,,,,,,,Fully Specified,por
0,Concept,pessego,Pêssego,,,por,,,,,,,,MS,Organization,,por,,,,,,,,,,,,,,,,,TRUE,,,,,text, Misc,BRAlergenosCBARA,Pêssegos,,,,,,,,,,,food,,,,,,,Fully Specified,por
0,Concept,pesticida,Pesticidas,,,por,,,,,,,,MS,Organization,,por,,,,,,,,,,,,,,,,,TRUE,,,,,text, Misc,BRAlergenosCBARA,Pesticidas,,,,,,,,,,,environment,,,,,,,Fully Specified,por
0,Concept,pesticida-organoclorado,Pesticida organoclorado,,,por,,,,,,,,MS,Organization,,por,,,,,,,,,,,,,,,,,TRUE,,,,,text, Misc,BRAlergenosCBARA,Pesticida organoclorado,,,,,,,,,,,environment,,,,,,,Fully Specified,por
0,Concept,pimenta,Pimenta,,,por,,,,,,,,MS,Organization,,por,,,,,,,,,,,,,,,,,TRUE,,,,,text, Misc,BRAlergenosCBARA,Pimenta,,,,,,,,,,,food,,,,,,,Fully Specified,por
0,Concept,pinhao,Pinhão,,,por,,,,,,,,MS,Organization,,por,,,,,,,,,,,,,,,,,TRUE,,,,,text, Misc,BRAlergenosCBARA,Pinhão,,,,,,,,,,,food,,,,,,,Fully Specified,por
0,Concept,pistache,Pistache,,,por,,,,,,,,MS,Organization,,por,,,,,,,,,,,,,,,,,TRUE,,,,,text, Misc,BRAlergenosCBARA,,,,,,,,,,,,food,,,,,,,Fully Specified,por
0,Concept,podofilina,Podofilina,,,por,,,,,,,,MS,Organization,,por,,,,,,,,,,,,,,,,,TRUE,,,,,text, Misc,BRAlergenosCBARA,Podofilina,,,,,,,,,,,environment,,,,,,,Fully Specified,por
0,Concept,polen,Pólen,,,por,,,,,,,,MS,Organization,,por,,,,,,,,,,,,,,,,,TRUE,,,,,text, Misc,BRAlergenosCBARA,Pólens,,,,,,,,,,,environment,,,,,,,Fully Specified,por
0,Concept,polen-grama,Pólen de grama,,,por,,,,,,,,MS,Organization,,por,,,,,,,,,,,,,,,,,TRUE,,,,,text, Misc,BRAlergenosCBARA,Pólen de Capim,Pólen de Gramíneas,,,,,,,,,,environment,,,,,,,Fully Specified,por
0,Concept,polvo,Polvo,,,por,,,,,,,,MS,Organization,,por,,,,,,,,,,,,,,,,,TRUE,,,,,text, Misc,BRAlergenosCBARA,Polvo,,,,,,,,,,,food,,,,,,,Fully Specified,por
0,Concept,porco,Porco,,,por,,,,,,,,MS,Organization,,por,,,,,,,,,,,,,,,,,TRUE,,,,,text, Misc,BRAlergenosCBARA,Carne de Porco,,,,,,,,,,,food,,,,,,,Fully Specified,por
0,Concept,prata,Prata,,,por,,,,,,,,MS,Organization,,por,,,,,,,,,,,,,,,,,TRUE,,,,,text, Misc,BRAlergenosCBARA,Prata,,,,,,,,,,,environment,,,,,,,Fully Specified,por
0,Concept,proteina-leite-vaca,Proteína do leite de vaca,,,por,,,,,,,,MS,Organization,,por,,,,,,,,,,,,,,,,,TRUE,,,,,text, Misc,BRAlergenosCBARA,Leite de vaca (proteína),,,,,,,,,,,food,,,,,,,Fully Specified,por
0,Concept,proteina-ovo,Proteína do ovo,,,por,,,,,,,,MS,Organization,,por,,,,,,,,,,,,,,,,,TRUE,,,,,text, Misc,BRAlergenosCBARA,Proteína do ovo,,,,,,,,,,,food,,,,,,,Fully Specified,por
0,Concept,queijo,Queijo,,,por,,,,,,,,MS,Organization,,por,,,,,,,,,,,,,,,,,TRUE,,,,,text, Misc,BRAlergenosCBARA,Queijo,,,,,,,,,,,food,,,,,,,Fully Specified,por
0,Concept,resina-arvore,Resina de árvore,,,por,,,,,,,,MS,Organization,,por,,,,,,,,,,,,,,,,,TRUE,,,,,text, Misc,BRAlergenosCBARA,Resina,Ambar,,,,,,,,,,environment,,,,,,,Fully Specified,por
0,Concept,samambaia,Samambaia,,,por,,,,,,,,MS,Organization,,por,,,,,,,,,,,,,,,,,TRUE,,,,,text, Misc,BRAlergenosCBARA,Avenca,,,,,,,,,,,environment,,,,,,,Fully Specified,por
0,Concept,seda,Seda,,,por,,,,,,,,MS,Organization,,por,,,,,,,,,,,,,,,,,TRUE,,,,,text, Misc,BRAlergenosCBARA,Seda,,,,,,,,,,,environment,,,,,,,Fully Specified,por
0,Concept,semente,Semente,,,por,,,,,,,,MS,Organization,,por,,,,,,,,,,,,,,,,,TRUE,,,,,text, Misc,BRAlergenosCBARA,Caroço,,,,,,,,,,,food,,,,,,,Fully Specified,por
0,Concept,sepia,Sépia,,,por,,,,,,,,MS,Organization,,por,,,,,,,,,,,,,,,,,TRUE,,,,,text, Misc,BRAlergenosCBARA,Chocos,,,,,,,,,,,food,,,,,,,Fully Specified,por
0,Concept,silicone-derivado,Silicone e seus derivados,,,por,,,,,,,,MS,Organization,,por,,,,,,,,,,,,,,,,,TRUE,,,,,text, Misc,BRAlergenosCBARA,Silicone,,,,,,,,,,,environment,,,,,,,Fully Specified,por
0,Concept,sulfito,Sulfitos,,,por,,,,,,,,MS,Organization,,por,,,,,,,,,,,,,,,,,TRUE,,,,,text, Misc,BRAlergenosCBARA,Sulfitos e seus derivados,,,,,,,,,,,food,,,,,,,Fully Specified,por
0,Concept,terpeno,Terpeno,,,por,,,,,,,,MS,Organization,,por,,,,,,,,,,,,,,,,,TRUE,,,,,text, Misc,BRAlergenosCBARA,Terpeno,,,,,,,,,,,environment,,,,,,,Fully Specified,por
0,Concept,tinta-cabelo,Tinta para o cabelo,,,por,,,,,,,,MS,Organization,,por,,,,,,,,,,,,,,,,,TRUE,,,,,text, Misc,BRAlergenosCBARA,Tintura de cabelo,,,,,,,,,,,environment,,,,,,,Fully Specified,por
0,Concept,tinta-textil,Tintas para têxteis,,,por,,,,,,,,MS,Organization,,por,,,,,,,,,,,,,,,,,TRUE,,,,,text, Misc,BRAlergenosCBARA,Corantes para tecido,,,,,,,,,,,environment,,,,,,,Fully Specified,por
0,Concept,tomate,Tomate,,,por,,,,,,,,MS,Organization,,por,,,,,,,,,,,,,,,,,TRUE,,,,,text, Misc,BRAlergenosCBARA,Tomates,,,,,,,,,,,food,,,,,,,Fully Specified,por
0,Concept,toxina-botulinica,Toxina botulínica,,,por,,,,,,,,MS,Organization,,por,,,,,,,,,,,,,,,,,TRUE,,,,,text, Misc,BRAlergenosCBARA,Toxina de Clostridium botulinum,Botox,,,,,,,,,,environment,,,,,,,Fully Specified,por
0,Concept,trigo,Trigo,,,por,,,,,,,,MS,Organization,,por,,,,,,,,,,,,,,,,,TRUE,,,,,text, Misc,BRAlergenosCBARA,Gérmen de trigo,,,,,,,,,,,food,,,,,,,Fully Specified,por
0,Concept,veneno-escorpiao,Veneno de escorpião,,,por,,,,,,,,MS,Organization,,por,,,,,,,,,,,,,,,,,TRUE,,,,,text, Misc,BRAlergenosCBARA,Escorpião,Lacrau,,,,,,,,,,environment,,,,,,,Fully Specified,por
0,Concept,veneno-vespa,Veneno de vespa,,,por,,,,,,,,MS,Organization,,por,,,,,,,,,,,,,,,,,TRUE,,,,,text, Misc,BRAlergenosCBARA,Vespa,,,,,,,,,,,environment,,,,,,,Fully Specified,por
,,,,,,,,,,,,,,MS,Organization,,por,,,,,,,,,,,,,,,,,,,,,,,,,,,,,,,,,,,,,,,,,,,,